{"k": [[506.2113516171736, 0.0, 319.7108271499933], [0.0, 505.1260493886082, 231.13764215545842], [0.0, 0.0, 1.0]], "d": [[0.12148581101836466, 0.13614523775858495, -0.000480944282591727, 0.0028720860864511815, -0.9609520435133126]], "dims": [640, 480]}