{"k": [[1259.5834068966708, 0.0, 818.8013312015777], [0.0, 1260.7818743171044, 569.5524999513877], [0.0, 0.0, 1.0]], "d": [[0.14520026645592377, -0.08545824988011762, -0.00994556239551118, -0.0007525985154893062, -0.7153386658435548]], "dims": [1640, 1232]}